R Dainty's Premium Apple & Mango 10ml-6mg,6mg,DAPGAM06,68
Psycho Bunny Nicotine Shot VG Base,18mg,PSDIYVG18,52
R Dainty's Premium RY4 Tobacco 10ml-6mg,6mg,DAPGRY06,32
Psycho Bunny Double Ice Nicotine Shot,18mg,PSDIYDICE18,30
R Dainty's Premium Blackcurrant Menthol-3mg,3mg,DAPGBM03,23
Eco Vape Premium Rolling Tobacco V2 Flavour-0mg,0mg,PRPGRO0,22
Dainty's Blue Slush 10ml-6mg,6mg,DAPGBS06,21
Eco Vape Premium Rolling Tobacco V2 Flavour-6mg,6mg,PRPGRO6,20
Dainty's Cherry Menthol Flavour MAX VG 50ml-50ml 0mg,0mg,DAVGCM00,19
Psycho Bunny Ice Nicotine Shot,18mg,PSDIYICE18,17
Dripping Range Wolves Juice Flavour 50/50-6mg,6mg,DRWOLVES5050-6mg,16
Eco Vape Premium Blackcurrant Menthol V2 Flavour-3mg,3mg,PRPGBM3,16
R Dainty's Premium Pink Lemonade 10ml-3mg,3mg,DAPGPL03,15
Dainty's Bubblegum Blast 50ml-50ml 0mg,0mg,DAVGBB00,15
R Dainty's Premium Red Air 10ml-3mg,3mg,DAPGRA03,14
R Dainty's Premium Tutti Fruity 10ml-6mg,6mg,DAPGTF06,13
Dainty's Fresh Orange 10ml-18mg,18mg,DAPGFO18,12
Dainty's Premium Red Air 70/30 50ML-50ml 0mg,0mg,DAVGRA00,12
Dripping Range Vampire Astaire Flavour 50/50-18mg,18mg,DRVAMPIR5050-18mg,12
Eco Vape Premium Blackcurrant Menthol V2 Flavour-12mg,12mg,PRPGBM12,12
Dainty's Premium Blueberry Blackcurrant Menthol 50/50 80ML-80ml 0mg,0mg,DAPGBBM0,11
R Dainty's Premium Menthol 10ml-6mg,6mg,DAPGMT06,11
Dainty's Apple 10ml-18mg,18mg,DAPGAP18,10
R Dainty's Premium Grape & Blackcurrant 10ml-3mg,3mg,DAPGGB03,10
Dainty's Heisenberg 10ml-3mg,3mg,DAPGHB03,10
Dainty's Premium Menthol 50/50 80ML-80ml 0mg,0mg,DAPGMT0,10
R Dainty's Premium Pink Lemonade 10ml-18mg,18mg,DAPGPL18,10
Dainty's Special Menthol 10ml-3mg,3mg,DAPGSM03,10
Dainty's Special Menthol 10ml-6mg,6mg,DAPGSM06,10
Dripping Range Zombie Astaire Flavour 50/50-12mg,12mg,DRPGZO12,10
Dainty's Premium Heizenberg 50/50 80ML-90ml 2mg inc PG Nicshot,0mg,DAPGHB902PG,9
Dainty's Premium Heizenberg 50/50 80ML-90ml 2mg inc VG Nicshot,0mg,DAPGHB902VG,9
Dainty's Cherry Menthol Flavour MAX VG 50ml-60ml 3mg inc VG Nicshot,0mg,DAVGCM60VG3,9
Dainty's Nic Salts Apple & Mango 10ml-18mg,18mg,NSDAPGAM18,9
Psycho Bunny Nicotine Shot PG Base,18mg,PSDIYPG18,9
Dainty's Apple 10ml-3mg,3mg,DAPGAP03,8
R Dainty's Premium Cola 10ml-3mg,3mg,DAPGC03,8
R Dainty's Premium Tutti Fruity 10ml-3mg,3mg,DAPGTF03,8
Dainty's Heizenberg Flavour MAX VG 50ml-50ml 0mg,0mg,DAVGHE00,8
Dainty's Special Menthol Flavours MAX VG 50ml-60ml 3mg inc VG Nicshot,0mg,DAVGSM60VG3,8
Dripping Range Cobra Venom Flavour 50/50-12mg,12mg,DRCOBRAVENOM5050-12mg,8
Dripping Range Green Slush V2 Flavour 50/50-6mg,6mg,DRGREENSLUSH5050-6mg,8
Dripping Range Blue Slush Flavour 50/50-18mg,18mg,DRPGBS18,8
Dripping Range Blue Slush Flavour 50/50-6mg,6mg,DRPGBS6,8
Dripping Range Wolves Juice Flavour 50/50-3mg,3mg,DRWOLVES5050-3mg,8
Eco Vape Milfman V2 Milkshake Flavour MAX VG 50ml-60ml 3mg inc VG Nicshot,0mg,MILFMANMAXVG50ML-60ml 3mg inc VG Nicshot,8
Eco Vape Premium Gold Tobacco V2 Flavour-12mg,12mg,PRPGGO12,8
Dainty's Premium Blueberry Blackcurrant Menthol 50/50 80ML-100ml 3.6mg inc PG Nicshot,0mg,DAPGBBM10036PG,7
Dainty's Premium Blueberry Blackcurrant Menthol 50/50 80ML-100ml 3.6mg inc VG Nicshot,0mg,DAPGBBM10036VG,7
Dainty's Premium Blueberry Blackcurrant Menthol 50/50 80ML-90ml 2mg inc PG Nicshot,0mg,DAPGBBM902PG,7
Dainty's Premium Heizenberg 50/50 80ML-100ml 3.6mg inc VG Nicshot,0mg,DAPGHB10036VG,7
Dainty's Premium Pink Lemonade 50/50 80ML-80ml 0mg,0mg,DAPGPL0,7
Award Winning Eco Vape Milfsmilk V2 Flavour MAX VG 50ml-50ml 0mg,0mg,MILFSMILKMAXVG50ML-50ml 0mg,7
Dainty's Aniseed 10ml-6mg,6mg,DAPGAN06,6
R Dainty's Premium Banana 10ml-6mg,6mg,DAPGBA06,6
Dainty's Blue Slush 10ml-3mg,3mg,DAPGBS03,6
Dainty's Bubblegum 10ml-3mg,3mg,DAPGBU03,6
Dainty's Cookie 10ml-3mg,3mg,DAPGCK03,6
Dainty's Premium Foam Banana 50/50 80ML-80ml 0mg,0mg,DAPGFB0,6
Dainty's Premium Grape & Blackcurrant 50/50 80ML-90ml 2mg inc VG Nicshot,0mg,DAPGGB902VG,6
Dainty's Heisenberg 10ml-6mg,6mg,DAPGHB06,6
Dainty's Premium Heizenberg 50/50 80ML-100ml 3.6mg inc PG Nicshot,0mg,DAPGHB10036PG,6
R Dainty's Premium Orange 10ml-3mg,3mg,DAPGOR03,6
R Dainty's Premium Orange 10ml-12mg,12mg,DAPGOR12,6
Dainty's Raspberry 10ml-6mg,6mg,DAPGRS06,6
Dainty's Blueberry Pancake 50ml-50ml 0mg,0mg,DAVGBP00,6
Dainty's Cherry Lemonade Flavour MAX VG 50ml-50ml 0mg,0mg,DAVGCL00,6
Dainty's Heizenberg Flavour MAX VG 50ml-60ml 3mg inc VG Nicshot,0mg,DAVGHE60VG3,6
Dripping Range Blue Slush Flavour 50/50-3mg,3mg,DRPGBS3,6
Dripping Range Killa Custard V2 Flavour 50/50-12mg,12mg,DRPGKI12,6
Dripping Range Zombie Astaire Flavour 50/50-3mg,3mg,DRPGZO3,6
Dainty's Nic Salts Blueberry 10ml-3mg,3mg,NSDAPGBL03,6
Eco Vape Premium Rhubarb & Custard Flavour-6mg,6mg,PRPGRH6,6
Eco Vape Premium Sweet Cherry V2 Flavour-18mg,18mg,PRPGSC18,6
Eco Vape Premium Spearmint V2 Flavour-18mg,18mg,PRPGSP18,6
Eco Vape Premium Strawberry & Watermelon V2 Flavour-3mg,3mg,PRPGSW3,6
Dainty's Premium Blueberry Blackcurrant Menthol 50/50 80ML-90ml 2mg inc VG Nicshot,0mg,DAPGBBM902VG,5
Dainty's Blue Slush 10ml-12mg,12mg,DAPGBS12,5
Dainty's Cherry Menthol 10ml-3mg,3mg,DAPGCM03,5
Dainty's Cherry Menthol Flavour MAX VG 50ml-60ml 3mg inc PG Nicshot,0mg,DAPGCM60PG3,5
Dainty's Heizenberg Flavour MAX VG 50ml-60ml 3mg inc PG Nicshot,0mg,DAPGHE60PG3,5
Dainty's Premium Red Air 50/50 80ML-80ml 0mg,0mg,DAPGRA0,5
Dainty's Premium RY4 Caramel Vanilla Tobacco 50/50 80ML-80ml 0mg,0mg,DAPGRY0,5
Dainty's Premium RY4 Caramel Vanilla Tobacco 50/50 80ML-100ml 3.6mg inc PG Nicshot,0mg,DAPGRY10036PG,5
R Dainty's Premium Strawberry 10ml-18mg,18mg,DAPGST18,5
Dainty's Apple & Mango Flavour MAX VG 50ml-60ml 3mg inc VG Nicshot,0mg,DAVGAM60VG3,5
Dainty's Raspberry Sherbet 50ml-50ml 0mg,0mg,DAVGRS00,5
Dainty's Special Menthol Flavours MAX VG 50ml-50ml 0mg,0mg,DAVGSM00,5
Dripping Range Unicorn Blood Flavour 50/50-6mg,6mg,DRUNICORN5050-6mg,5
Eco Vape Premium Cherry Menthol V2 Flavour-12mg,12mg,PRPGCM12,5
Dainty's Cola Cube 10ml-3mg,3mg,DAPGCU03,4
Dainty's Premium Menthol 50/50 80ML-100ml 3.6mg inc PG Nicshot,0mg,DAPGMT10036PG,4
Dainty's Premium Red Air 50/50 80ML-90ml 2mg inc PG Nicshot,0mg,DAPGRA902PG,4
Dainty's Raspberry 10ml-3mg,3mg,DAPGRS03,4
Dainty's Apple & Mango Flavour MAX VG 50ml-50ml 0mg,0mg,DAVGAM00,4
Dripping Range Vampire Astaire Flavour 50/50-12mg,12mg,DRVAMPIR5050-12mg,4
Dripping Range Vampire Astaire Flavour MAX VG 50ml-60ml 3mg inc PG Nicshot,0mg,DRVGVAPG3,4
Dripping Range Vampire Astaire Flavour MAX VG 50ml-60ml 3mg inc VG Nicshot,0mg,DRVGVAVG3,4
SMOKJOY OPS-1 Replacement Pod -D POD,0mg,HWPOSJDP,4
Award Winning Eco Vape Milfsmilk V2 Flavour MAX VG 50ml-60ml 3mg inc VG Nicshot,0mg,MILFSMILKMAXVG50ML-60ml 3mg inc VG Nicshot,4
Dainty's Nic Salts Pink Lemonade 10ml-6mg,6mg,NSDAPGPL06,4
Eco Vape Premium Apple & Mango V2 Flavour-3mg,3mg,PRPGAP3,4
Eco Vape Premium Forest Fruits V2 Flavour-6mg,6mg,PRPGFO6,4
R Dainty's Premium Blackcurrant Menthol-6mg,6mg,DAPGBM06,3
R Dainty's Premium Blackcurrant Menthol-12mg,12mg,DAPGBM12,3
Dainty's Premium Grape & Blackcurrant 50/50 80ML-110ml 4.9mg inc PG Nicshot,0mg,DAPGGB11049PG,3
R Dainty's Premium Irish Cream 10ml-6mg,6mg,DAPGIC06,3
Dainty's Premium Ice Mint 50/50 80ML-80ml 0mg,0mg,DAPGIM0,3
R Dainty's Premium Orange 10ml-6mg,6mg,DAPGOR06,3
R Dainty's Premium Pink Lemonade 10ml-6mg,6mg,DAPGPL06,3
Dainty's Premium Pink Lemonade 50/50 80ML-100ml 3.6mg inc VG Nicshot,0mg,DAPGPL10036VG,3
R Dainty's Premium Pink Lemonade 10ml-12mg,12mg,DAPGPL12,3
R Dainty's Premium Peppermint 10ml-12mg,12mg,DAPGPM12,3
Dainty's Premium Vanilla Ice Cream 50/50 80ML-90ml 2mg inc VG Nicshot,0mg,DAPGVBI902VG,3
Dainty's Banana Cake Flavour MAX VG 50ml-50ml 0mg,0mg,DAVGBC00,3
Dripping Range Blue Slush MAX VG 50ml-60ml 3mg inc PG Nicshot,0mg,DRBLUESLUSH50MAXVG-60ml 3mg inc PG Nicshot,3
Dripping Range Blue Slush MAX VG 50ml-60ml 3mg inc VG Nicshot,0mg,DRBLUESLUSH50MAXVG-60ml 3mg inc VG Nicshot,3
Famovape Fat Baby Mesh Coils-Famovape Fat Baby Mesh M15 Coils (0.15Ω),0mg,HWCOFVFBM15,3
Eco Vape Milfman V2 Milkshake Flavour MAX VG 50ml-50ml 0mg,0mg,MILFMANMAXVG50ML-50ml 0mg,3
Eco Vape Premium Gold Tobacco V2 Flavour-6mg,6mg,PRPGGO6,3
Eco Vape Premium Rolling Tobacco V2 Flavour-12mg,12mg,PRPGRO12,3
Psycho Bunny Blue Retro Flavour MAX VG 50ML -50ml 0mg,0mg,PSVGBL0,3
Psycho Bunny Blue Retro Flavour MAX VG 50ML -60ml 3mg inc PG Nicshot,0mg,PSVGBL3PG,3
Psycho Bunny Prism Flavour MAX VG 50ML-50ml 0mg,0mg,PSVGPR0,3
Psycho Bunny Prism Flavour MAX VG 50ML-60ml 3mg inc PG Nicshot,0mg,PSVGPR3PG,3
R Dainty's Premium Apple & Mango 10ml-3mg,3mg,DAPGAM03,2
R Dainty's Premium Apple & Mango 10ml-18mg,18mg,DAPGAM18,2
Dainty's Apple & Mango Flavour MAX VG 50ml-60ml 3mg inc PG Nicshot,0mg,DAPGAM60PG3,2
Dainty's Aniseed 10ml-3mg,3mg,DAPGAN03,2
Dainty's Bubblegum 10ml-6mg,6mg,DAPGBU06,2
Dainty's Cherry Lemonade Flavour MAX VG 50ml-60ml 3mg inc PG Nicshot,0mg,DAPGCL60PG3,2
R Dainty's Premium Coffee 10ml-12mg,12mg,DAPGCO12,2
Dainty's Premium Grape & Blackcurrant 50/50 80ML-80ml 0mg,0mg,DAPGGB0,2
R Dainty's Premium Iron Brew 10ml-3mg,3mg,DAPGIB03,2
R Dainty's Premium Irish Cream 10ml-12mg,12mg,DAPGIC12,2
Dainty's Jelly Babies 10ml-12mg,12mg,DAPGJB12,2
Dainty's Premium Pink Lemonade 50/50 80ML-110ml 4.9mg inc PG Nicshot,0mg,DAPGPL11049PG,2
Dainty's Premium Pink Lemonade 50/50 80ML-90ml 2mg inc VG Nicshot,0mg,DAPGPL902VG,2
Dainty's Premium Red Air 50/50 80ML-90ml 2mg inc VG Nicshot,0mg,DAPGRA902VG,2
R Dainty's Premium Strawberry 10ml-3mg,3mg,DAPGST03,2
R Dainty's Premium Strawberry 10ml-6mg,6mg,DAPGST06,2
Dainty's Apple Pie Flavours MAX VG 50ml-50ml 0mg,0mg,DAVGAPG00,2
Dainty's Banana Cake Flavour MAX VG 50ml-60ml 3mg inc VG Nicshot,0mg,DAVGBC60VG3,2
Dainty's Strawberry Cheesecake Flavour MAX VG 50ml-50ml 0mg,0mg,DAVGSC00,2
Award Winning Eco Vape Strawberry Milkshake V2 Flavour MAX VG 50ml-60ml 3mg inc PG Nicshot,0mg,EVSTRAWMILKMAXVG50ML-60ml 3mg inc PG Nicshot,2
Vaptio Paragon Coils-Vaptio Paragon Strip Coil (0.15Ω),0mg,HWCOVAPAR15,2
Rincoe Ceto Replacement Pod-Pod system,0mg,HWTARICE1,2
Dainty's Nic Salts Blueberry and Blackcurrant Menthol 10ml-3mg,3mg,NSDAPGBBM03,2
Dainty's Nic Salts Cherry Lemonade 10ml-3mg,3mg,NSDAPGCL03,2
Dainty's Nic Salts Cherry Lemonade 10ml-18mg,18mg,NSDAPGCL18,2
Dainty's Nic Salts Grape and Blackcurrant 10ml-3mg,3mg,NSDAPGGB03,2
Eco Vape Premium Bubblegum V2 Flavour-3mg,3mg,PRPGBG3,2
Eco Vape Premium Black Jack V2 Flavour-6mg,6mg,PRPGBJ6,2
Eco Vape Premium Dragon Fruit V2 Flavour-6mg,6mg,PRPGDR6,2
Eco Vape Premium Fruit Salad V2 Flavour-6mg,6mg,PRPGFR6,2
Eco Vape Premium Tutti Fruity V2 Flavour-12mg,12mg,PRPGTU12,2
Eco Vape Premium Tutti Fruity V2 Flavour-3mg,3mg,PRPGTU3,2
Psycho Bunny Melonade Flavour MAX VG 50ML-50ml 0mg,0mg,PSVGME0,2
Eco Vape Banana Milkshake V2 Flavour MAX VG 50ml-60ml 3mg inc PG Nicshot,0mg,BANMILKV2MAXVG50ML-60ml 3mg inc PG Nicshot,1
R Dainty's Premium Apple & Mango 10ml-0mg,0mg,DAPGAM00,1
Dainty's Apple Pie Flavours MAX VG 50ml-60ml 3mg inc PG Nicshot,0mg,DAPGAP60PG3,1
R Dainty's Premium Apple Pie 10ml-12mg,12mg,DAPGAPI12,1
R Dainty's Premium Banana 10ml-3mg,3mg,DAPGBA03,1
R Dainty's Premium Blueberry 10ml-12mg,12mg,DAPGBB12,1
Dainty's Premium Blueberry Blackcurrant Menthol 50/50 80ML-110ml 4.9mg inc VG Nicshot,0mg,DAPGBBM11049VG,1
Dainty's Banana Cake Flavour MAX VG 50ml-60ml 3mg inc PG Nicshot,0mg,DAPGBC60PG3,1
Dainty's Black Jack 10ml-12mg,12mg,DAPGBJ12,1
Dainty's Bubblegum 10ml-18mg,18mg,DAPGBU18,1
R Dainty's Premium Cherry 10ml-3mg,3mg,DAPGCH03,1
Dainty's Premium Foam Banana 50/50 80ML-100ml 3.6mg inc VG Nicshot,0mg,DAPGFB10036VG,1
Dainty's Premium Foam Banana 50/50 80ML-90ml 2mg inc VG Nicshot,0mg,DAPGFB902VG,1
R Dainty's Premium Fruit Salad 10ml-3mg,3mg,DAPGFS03,1
R Dainty's Premium Grape & Blackcurrant 10ml-0mg,0mg,DAPGGB00,1
R Dainty's Premium Grape & Blackcurrant 10ml-12mg,12mg,DAPGGB12,1
Dainty's Grapefruit 10ml-12mg,12mg,DAPGGF12,1
Dainty's Premium Heizenberg 50/50 80ML-110ml 4.9mg inc PG Nicshot,0mg,DAPGHB11049PG,1
R Dainty's Premium Ice Mint 10ml-6mg,6mg,DAPGIM06,1
Dainty's Premium Ice Mint 50/50 80ML-110ml 4.9mg inc PG Nicshot,0mg,DAPGIM11049PG,1
R Dainty's Premium Key Lime Pie 10ml-12mg,12mg,DAPGKP12,1
Dainty's Lemon Cola Flavour MAX VG 50ml-60ml 3mg inc PG Nicshot,0mg,DAPGLC60PG3,1
Dainty's Premium Menthol 50/50 80ML-100ml 3.6mg inc VG Nicshot,0mg,DAPGMT10036VG,1
Dainty's Premium Menthol 50/50 80ML-90ml 2mg inc PG Nicshot,0mg,DAPGMT902PG,1
R Dainty's Premium Pineapple 10ml-12mg,12mg,DAPGPI12,1
R Dainty's Premium Pink Lemonade 10ml-0mg,0mg,DAPGPL00,1
Dainty's Premium Pink Lemonade 50/50 80ML-100ml 3.6mg inc PG Nicshot,0mg,DAPGPL10036PG,1
Dainty's Premium Pink Lemonade 50/50 80ML-110ml 4.9mg inc VG Nicshot,0mg,DAPGPL11049VG,1
R Dainty's Premium Red Air 10ml-6mg,6mg,DAPGRA06,1
Dainty's Premium Red Air 50/50 80ML-100ml 3.6mg inc PG Nicshot,0mg,DAPGRA10036PG,1
Dainty's Premium Red Air 50/50 80ML-100ml 3.6mg inc VG Nicshot,0mg,DAPGRA10036VG,1
Dainty's Premium Red Air 50/50 80ML-110ml 4.9mg inc PG Nicshot,0mg,DAPGRA11049PG,1
Dainty's Raspberry 10ml-12mg,12mg,DAPGRS12,1
Dainty's Premium RY4 Caramel Vanilla Tobacco 50/50 80ML-110ml 4.9mg inc VG Nicshot,0mg,DAPGRY11049VG,1
Dainty's Strawberry Cheesecake 10ml-3mg,3mg,DAPGSC03,1
Dainty's Special Menthol Flavours MAX VG 50ml-60ml 3mg inc PG Nicshot,0mg,DAPGSM60PG3,1
R Dainty's Premium Tutti Fruity 10ml-12mg,12mg,DAPGTF12,1
Dainty's Premium Vanilla Ice Cream 50/50 80ML-80ml 0mg,0mg,DAPGVBI0,1
R Dainty's Premium Vanilla Ice Cream 10ml-6mg,6mg,DAPGVBI06,1
Dainty's Premium Vanilla Ice Cream 50/50 80ML-100ml 3.6mg inc VG Nicshot,0mg,DAPGVBI10036VG,1
R Dainty's Premium Vanilla Ice Cream 10ml-12mg,12mg,DAPGVBI12,1
Dainty's Cherry Lemonade Flavour MAX VG 50ml-60ml 3mg inc VG Nicshot,0mg,DAVGCL60VG3,1
Dainty's Strawberry Cheesecake Flavour MAX VG 50ml-60ml 3mg inc PG Nicshot,0mg,DAVGSC60PG3,1
Dainty's Strawberry Cheesecake Flavour MAX VG 50ml-60ml 3mg inc VG Nicshot,0mg,DAVGSC60VG3,1
Dripping Range Liquid Do-Nuts Toffee V2 Flavour 50/50-12mg,12mg,DRDONUTTOFFEE5050-12mg,1
Dripping Range Blueberg MAX VG 50ml-60ml 3mg inc VG Nicshot,0mg,DRPGBL60PG3,1
Dripping Range Vampire Astaire Flavour 50/50-6mg,6mg,DRVAMPIR5050-6mg,1
Dripping Range Blueberg MAX VG 50ml-60ml 3mg inc PG Nicshot,0mg,DRVGBL0,1
Dripping Range Banananutz MAX VG 50ml-50ml 0mg,0mg,DRVGBN0,1
Dripping Range Rainbow Sherbert Ice Cream MAX VG 50ml-60ml 3mg inc VG Nicshot,0mg,DRVGRSVG03,1
Vaptio Frogman Tank-Silver,,FROGMANTANK-Silver,1
LADY Q COILS,0mg,HWCOLQ07,1
Rincoe Ceto-Black,,HWKIRICEBLK,1
Vaptio Cosmo Kit-Red,,HWKIVACORED,1
Vaptio Solo F2 AIO-Black,,HWKIVAF2BLK,1
VooPoo Drag 2 Mini 117w Kit-Coral,,HWKIVODRMICO,1
Vaptio Solo-Flat Replacement Pod Cartridge -Solo-Flat Pod (1.0Ω),0mg,HWPOVASF1,1
Vaptio Paragon C2 Kit-purple,,HWVAPAPUR,1
VivaKita Move 60 Vaping Mod-Black,,MOVE60-Black,1
Dainty's Nic Salts Blueberry 10ml-18mg,18mg,NSDAPGBL18,1
Dainty's Nic Salts Bubblegum Blast 10ml-18mg,18mg,NSDAPGBU18,1
Dainty's Nic Salts Pink Lemonade 10ml-18mg,18mg,NSDAPGPL18,1
Eco Vape Premium Apple & Mango V2 Flavour-12mg,12mg,PRPGAP12,1
Eco Vape Premium Candyfloss V2 Flavour-12mg,12mg,PRPGCF12,1
Eco Vape Premium Candyfloss V2 Flavour-3mg,3mg,PRPGCF3,1
Eco Vape Premium Dragon Fruit V2 Flavour-12mg,12mg,PRPGDR12,1
Eco Vape Premium Menthol Flavour-6mg,6mg,PRPGMT6,1
Eco Vape Premium Peach V2 Flavour-12mg,12mg,PRPGPE12,1
Eco Vape Premium Rhubarb & Custard Flavour-12mg,12mg,PRPGRH12,1
Eco Vape Premium Rolling Tobacco V2 Flavour-3mg,3mg,PRPGRO3,1
Eco Vape Premium Strawberry & Watermelon V2 Flavour-12mg,12mg,PRPGSW12,1
Psycho Bunny Cappuccino Flavour MAX VG 50ML -50ml 0mg,0mg,PSVGCA0,1
Psycho Bunny Cappuccino Flavour MAX VG 50ML -60ml 3mg inc PG Nicshot,0mg,PSVGCA3PG,1
Psycho Bunny Cappuccino Flavour MAX VG 50ML -60ml 3mg inc VG Nicshot,0mg,PSVGCA3VG,1
Psycho Bunny Serial Flavour MAX VG 50ML -50ml 0mg,0mg,PSVGCE0,1
Psycho Bunny Serial Flavour MAX VG 50ML -60ml 3mg inc PG Nicshot,0mg,PSVGCE3PG,1
Psycho Bunny Serial Flavour MAX VG 50ML -60ml 3mg inc VG Nicshot,0mg,PSVGCE3VG,1
Psycho Bunny Custard Appeal Flavour MAX VG 50ML-60ml 3mg inc PG Nicshot,0mg,PSVGCU3PG,1
Psycho Bunny Custard Appeal Flavour MAX VG 50ML-60ml 3mg inc VG Nicshot,0mg,PSVGCU3VG,1
Psycho Bunny Grapegasm Flavour MAX VG 50ML -50ml 0mg,0mg,PSVGGR0,1
Psycho Bunny O.J Flavour MAX VG 50ML -50ml 0mg,0mg,PSVGOJ0,1
Psycho Bunny Thorn 50ml -50ml 0mg,0mg,PSVGTH0,1
Psycho Bunny Thorn 50ml -60ml 3mg inc PG Nicshot,0mg,PSVGTH3PG,1
Psycho Bunny Twister 50ml -60ml 3mg inc PG Nicshot,0mg,PSVGTW3PG,1
Vaptio P1 Mini Starter Kit -Black,,VAPTIOP1-Black,1
